sequence_id,sequence_data,occurrences,file_occurrences
4c4155c55ca9969acb14ff211938c2911f82725e95a3f8d3a043ad360d5073d7,TATTATTTTGGATTGCGCTCAGACAAGCCGGATGAATTCATACCTTTACGTCACAAATAATAAAAACCCCCTAATCATGAAGTTGGTTTAGACAACCAGCGGTGACTAGGGGTTTTTAATATATTTATTTTTGATAGTGGTAGC,3,"{'/Users/mofty/Downloads/FASTQ_files/FastQ_files/ERR101899_2.fastq': 1, '/Users/mofty/Downloads/FASTQ_files/FastQ_files/ERR101899_2': {'fastq': 2}}"
bfd49698a3b5fd5416166818122f13d3becd62a9a58b8ffc1fa84c666c18c425,TTACTGGTACCAATCCTAAAATAGCGATAATCGCTGTCATTAAAGCTGTATATACTAACTGTTTTGTTGTCATTTTTTACTTCCTTTCGTATTTCATGACCATTATTATAGCACCATTGTAAACTTTAAGAAACGAAAAGTTTA,1,{'/Users/mofty/Downloads/FASTQ_files/ERR103404_2.fastq': 1}
8e16e51db6280b553e754fe4b3d8f60c6b1215c7675ea1c900372e6667cc207c,TGATGGGATAGATTTTTATGTCTACATTATTTCTTACAGCATTTGAAATCATGCAATTATTATCTGCAATTGTTATCAATTTTGGTAATCGCTTTTCTAATTGTGCTATTTGATCACTTGGAATTTCAATGTGAGGATGGTGCA,6,"{'/Users/mofty/Downloads/FASTQ_files/FastQ_files/ERR103394_2.fastq': 1, '/Users/mofty/Downloads/FASTQ_files/FastQ_files/ERR1111_2': {'fastq': 3}, '/Users/mofty/Downloads/FASTQ_files/FastQ_files/ERR103394_2': {'fastq': 2}}"
787f490f1b48e60c1099fc7e239477206f3471976510bda26796002bf4648be0,GTATGTAGTGCAGGTTCTCGATTATTAGTTCATGAAAAAATTTATGATCAATTGGTGCCACGTTTACAAGAGGCATTTTCAAATATTAAAGTTGGAGATCCACAAGATGAAGCTACACAAATGGGTAGTCAAACTGGTAAGGAT,15,"{'/Users/mofty/Downloads/FASTQ_files/FastQ_files/ERR101900_2.fastq': 1, '/Users/mofty/Downloads/FASTQ_files/FastQ_files/ERR103394_2': {'fastq': 6}, '/Users/mofty/Downloads/FASTQ_files/FastQ_files/ERR1111_2': {'fastq': 6}, '/Users/mofty/Downloads/FASTQ_files/FastQ_files/ERR101900_2': {'fastq': 2}}"
8f567935e8a27f6e7cc88636334053cff1cb83222c0349266a50a6729a5f97e8,TAAAGTTAATCAAGGTGCTCAGGAAGAGGCAATGGAAGAGTTATTAGTGACTTTTCAAAAATTGATTAAAGACTAAAGGAGTTTAAGATGATACATCAAAATACGATTTACACAGCGGGAATTGAAACAGAAGAACAAGTAAGT,2,"{'/Users/mofty/Downloads/FASTQ_files/FastQ_files/ERR103405_2.fastq': 1, '/Users/mofty/Downloads/FASTQ_files/FastQ_files/ERR103405_2': {'fastq': 1}}"
46311a3e8fe2a0e260a5c6ec0105cccf707cfb7e37834c55c7ea9301b1da0078,TAAATCATCTTCATTTGCAAAGTTATATTTTTCATTAACAACCTGAATATCTGTCTCTTATACACATCTCTGATGGCGCGAGGGAGGCGTGTAGATCTCGGTGGTCGCCGTATCATTAAAAAAAAACATTAACATCACTCTTAA,1,{'/Users/mofty/Downloads/FASTQ_files/ERR103404_2.fastq': 1}
de52981349751aed9f00b77409bad40ac8e33a44858b9cda03f3e62c50b54b49,CTATAGCAGTTAATCATTTCAATGATTAATAATATCTTTACAATTAAGGTAATATATTTAAATTACCCTATCTAAATTTCTAATTTATGACAATCGCTCCAATTTAAGGTTGATATTCATTGTTGATTATTCCAAAACTTTATA,1,{'/Users/mofty/Downloads/FASTQ_files/ERR103404_2.fastq': 1}
b3cdcc39275047289040225a1c8932d76a019a7de638323425ca7295a7b15d0f,ACAGCATTCCCATTATTATATACGCATTTTGTAAAAAATGGTGATTGGACATTACAACAATTAGTAGATTACTTAACAATTAAACATGTGAGACATTTAATTTAGAATACGGCACATTAAAAGAAAATGGTTATGCAGATTTAA,1,{'/Users/mofty/Downloads/FASTQ_files/ERR103404_2.fastq': 1}
70e6a65a9db2f750f36ef305f8e0012990c9789e86978101b2384e52d9bb6bf3,GAACATTTTATGCGATTAGTATGATAAGTAAGTCTAGGGATATGTCCATTATCAATTTTCATTGTTTCAAATAATTGCATTATAACATCTCCAAAATCTTGGTTTTTGCGTAAAATTCATTTACTTCATCTTTTGGCTTAGAAT,1,{'/Users/mofty/Downloads/FASTQ_files/ERR103404_2.fastq': 1}
abd043875e6dc24198b8e29ba4e358f39d8b578bd02d78d982713deb5bba7971,CAGGTATTTTAATAATTCGATTGGTTTGATTCACAGCATGAACATTTTTTTCATTAAATTTGTTAAGTTCTAAATTTTCAATTAATTTAGAAGATGTTATAGCTTGTTCATCAAAATATATTAGAACTGCTCGATACGAAGGGA,1,{'/Users/mofty/Downloads/FASTQ_files/ERR103404_2.fastq': 1}
48c0cdbf71005ffc55ae53c594bd648e1f3c0642c0c66df7942c6a4343132aa7,AATATTCTCTTGGAACCATACTTAATATAGAAATATCAACTTCTGCCATTAAAAATAATGCCAATGAGCGTTTTGTATTTAATAATCTTTTAGCAAACCCGTATTCCACGATTAAATAAATCTCATCAGCTATACTATCAAAAA,2,"{'/Users/mofty/Downloads/FASTQ_files/FastQ_files/ERR103405_2.fastq': 1, '/Users/mofty/Downloads/FASTQ_files/FastQ_files/ERR103405_2': {'fastq': 1}}"
7e9d4d1b47368b9a696147ff78e80b8de7887542003ba5c855102ac6f625610f,TATATACTAATCCATTCATAAATTAGCTTTATCCGAGTTTAAAATGTTGGTAGTTAATTATGTTTAGATTTTATTCTTCAACATCAATAGATTCAATTACAACATCATGAAGTGGTTTATCTTGTGGTCCCACTTTTGTATTTG,8,"{'/Users/mofty/Downloads/FASTQ_files/FastQ_files/ERR103405_2.fastq': 1, '/Users/mofty/Downloads/FASTQ_files/FastQ_files/ERR103394_2': {'fastq': 3}, '/Users/mofty/Downloads/FASTQ_files/FastQ_files/ERR1111_2': {'fastq': 3}, '/Users/mofty/Downloads/FASTQ_files/FastQ_files/ERR103405_2': {'fastq': 1}}"
54e04b9aa281629835ac10af61e84ec6e167a694d20120ba8ff80fd53f62a977,CTATGACATGAACACAGATGAATTAGTAGTTAAAGAAGCATATGCTAACGAAGGACCAACATTAAAACTGTCTCTTATACACATCTCTGATGGCGCGAGGGAGGCGTGGAGATTACGGGGGACGCCGTAACATATAAAATAATA,1,{'/Users/mofty/Downloads/FASTQ_files/ERR103404_2.fastq': 1}
d69dc7e1054361ece104993151b3677df656c200608141ad675d5165b56d7d9f,TGATTGTCCACCTTGTACATTTGTAAAAAATTATCTAAATGAGCATCAAATTGATTTTGAAGAGAGAAATATCAACAATCAACAATATCGAAACGAAATGATAGATTTTGATGCTTTTTCAACTCCGTTTATTTTGTTGAATGG,1,{'/Users/mofty/Downloads/FASTQ_files/ERR103404_2.fastq': 1}
a2f26f97e2a2b1df0127ea0a38a03472e8ab2f724a609ee0bca65d154744cf60,TAATGTCACATTCTCCATAAATAATTGACCGAAGAAGCATAAAACATAGAATAGTACAGTAACACCTGTCTCTTATACACATCTCTGATGGCGCGAGGGAGGCGTGTAGATCTCGGTGGGTGCCGTAACATTAAAAAAATACTA,1,{'/Users/mofty/Downloads/FASTQ_files/ERR103404_2.fastq': 1}
9068a9e158a8dfac5b4904b2f9dd8d055b62115279876b8affb3810b7a0a74e6,ACACTTTTTCTTATGCATGCGTTTTACCTTTGTATTTCTATTTTAAGTACACATTAGCATTTTAGTTTCACTCATTTTTAAAATCACAAAGATAATTTGTAACTTAAATGATGATACGTTATTTAAAAACACGATACTTCGTTT,1,{'/Users/mofty/Downloads/FASTQ_files/ERR103404_2.fastq': 1}
0161b8c5a396f1590b074ec928316e2f24342314026d429b6e21c6d4f1f86f51,AAGAAAGTGGCGCCAAAAGTTGAGGCTCCTCAAATTCAATCACCACAAATTGAAAAACCTAAAGCAGAATCACCAAAAGTTGAAGTCCCTCAAATTCAATCGCCAAAAGTTGAGGTTCCTCAATCTAAATTATTAGGTTACTAC,1,{'/Users/mofty/Downloads/FASTQ_files/ERR103404_2.fastq': 1}
13059b889d550a44aa701df56c570f1211859c4ffb6ae7522e8be6bc5d9cab18,TATATGCTTTGATATCATCAACACGTTTCATCGGTAAACCAGTTAATTCCGCTTCAATATTCATATATTCATGTTCGCTGTCGTATATAATTTGACCATCATGATATGTAAGAACGAAAAATCCTCTATCTCGACAATAATCTA,9,"{'/Users/mofty/Downloads/FASTQ_files/FastQ_files/ERR101899_2.fastq': 1, '/Users/mofty/Downloads/FASTQ_files/FastQ_files/ERR103394_2': {'fastq': 3}, '/Users/mofty/Downloads/FASTQ_files/FastQ_files/ERR1111_2': {'fastq': 3}, '/Users/mofty/Downloads/FASTQ_files/FastQ_files/ERR101899_2': {'fastq': 2}}"
19aad5fb87a219f61d3021cc6e91b58e29f4baa6d86e0c47ec8fd69c97d12dee,TCAACATGCTAATGCCCCATAAACAACCCTTTTCACTTTCTCTATTATTAATTTCTTGACTTCTTTTAAAGATATTATTACTTTTACATTCTTTAGTTGTTTTAAATTTCACGTTTTTATTACTTCCTTTTGTCTAAAAGTTTA,1,{'/Users/mofty/Downloads/FASTQ_files/ERR103404_2.fastq': 1}
ac2a979f9496fbe2db55d853595308d478feb8db21d6113efa8268657cdefbe0,CAACCTTCTGATTCTGAAAATTAAAATTGACTCAAACAACGACAATGATGATTATGCATGATGAAAACAATGCAACAGGTCCACGAAATAAACGGTAATTTCTATCTCAATAAATAGAAATTACCGTTTTTGTTTTATATGA,3,"{'/Users/mofty/Downloads/FASTQ_files/FastQ_files/ERR101899_1.fastq': 1, '/Users/mofty/Downloads/FASTQ_files/FastQ_files/ERR101899_1': {'fastq': 2}}"
8cbe578f3beaaf77a8c1abbc103cc6b9e4410617da5467d39cf34289f5d959e7,ATGTAGTGATTTCATTTGAAAATGATTATTTAGAAGGCGCTCATGAAAAAGTATTAAAAAGATTAGTAGATACAAATCTTGTACAAGCTTCGGGATATGGCTTTGATCAATTCACAAATCAGGCAATTGAAAAGATTAAGGATA,1,{'/Users/mofty/Downloads/FASTQ_files/ERR103404_2.fastq': 1}
52ad161a21b45b282a7cabb004fb13843289793277392a513a4d26f6f5f60c0d,TTAAATCTGTAAAACTCTGTCTATCCATTCTGTTATCTACCTTTCTGTTTGGGGAATTTTATCCGGACACAAGAAATTGCAATAATACACATTTCTTGAAACACAGATTACATCTTAATATATTTTTAATAAAATGAAAAGAGT,1,{'/Users/mofty/Downloads/FASTQ_files/ERR103404_2.fastq': 1}
2de921d1c5de5d8e72d294743eb9d41732d8621f7777b40bb21b8fbd2d26b9bd,AATATCATTAATGCAACGAGTCAGCCGACACTTGATCCATCTGCAGTAACACAAGCAGCTAATCAAGTGAACACTAACAAAACTGCGCTTAATGGTGTACAAAACTTAGCGAATAAAAAGCAAGAAACGACTGCTAACATCAAC,1,{'/Users/mofty/Downloads/FASTQ_files/ERR103404_2.fastq': 1}
85b86c0faa04add98d116158af86833ab7d887576bdcb222b4acda2ec90557fc,TTAGTTTGGAATGTCACGATGACCTTGCAATGACCATAGACGTAAATGATTACGTGCATGAGTTGCTTTTTCTATCAATAATGCATCATTTTGGACGTTGTTAAGGATAGCTTTATCTATAAATAACTGCATAATTGGTTGTAT,1,{'/Users/mofty/Downloads/FASTQ_files/ERR103404_2.fastq': 1}
03cdd80970186782fc9119c7910dee189deb052d3dd657fd9ccf92649cb11839,ATAGGAGGCGTATCATGATGGGTTACATTATATTGTTTTTTCTAGCTGGTCCAGTAATTTTAGGCGTTGGAAATTTGGTGATTGGTCCTATATTTAACAAACAGACACCATTTCACGTGCAAGTAAGATCTTTTGTTGTTGGTT,1,{'/Users/mofty/Downloads/FASTQ_files/ERR103404_2.fastq': 1}
2f1c43cd93acc008d3bf98bc1e0d0b9db0de3ae6fd7d3e23164533034e8055cf,ATACCATCAAAAGTGACATATCAAGAAGGTATTACAGTAGGCGAATTTGCGGATAAATTAAATGTTGAATCATCCGAAATTATCAAAAAATTATTCTTACTTGGTATTGTTGCTAATATCAATCAATCATTAAATCAAGAAA,1,{'/Users/mofty/Downloads/FASTQ_files/ERR103404_1.fastq': 1}
515a8fa82ecaeb8a5da3656e041b78a2afed3b922e1c3a5ee7753ef3302befb1,AGGTACGTTGTAATAGTAAGTACGAGGACCATCTCTAAATCCTTTCGACTCCATCGCAACTGATAATTGATGTGCCTTTCTAATATTTTGGCTTAATAGAGGCTGTCTCTTATACACATCTCTGATGGCGCGAGGGAGGCGCGC,1,{'/Users/mofty/Downloads/FASTQ_files/ERR103404_2.fastq': 1}
08a0d393bb604ef8229b14663290bc5b38ccb8ad8158b9d8caefe2f3b4841a66,TATATGGTGTATTGTCAGAAGGAATTAGAAAATCTAAATTCAATAATAAAGCTTTTAAATGTGATTGATTGCTTATTAAGTCAAACAACATGGTCATCCATAGCAACATGAATGATATGAAAATAGCAGCAATGAAATGGAA,6,"{'/Users/mofty/Downloads/FASTQ_files/FastQ_files/ERR103394_1.fastq': 1, '/Users/mofty/Downloads/FASTQ_files/FastQ_files/ERR1111_1': {'fastq': 3}, '/Users/mofty/Downloads/FASTQ_files/FastQ_files/ERR103394_1': {'fastq': 2}}"
f40e9ef4984a44441b76a89ff8a7c54aa441da52292f2715e13b63debc4441a3,CAAATCATCTATTTTAGCTGAAAATAGTTTAACTGTTTTAGATAAAGCTAAATATGATTTAGAATTTGCCCCTGTATCTAATCATTTATACAAAGAAAGAGAAAATTTTTACGAAGGAATGAAACAAGCTACCCTGCCCTTACA,3,"{'/Users/mofty/Downloads/FASTQ_files/FastQ_files/ERR101899_2.fastq': 1, '/Users/mofty/Downloads/FASTQ_files/FastQ_files/ERR101899_2': {'fastq': 2}}"
77fa7a938fe404426af45c641c27ae391abbe0979a5490c4e059fe52121542c7,GGTACAGTGAATGATATCGATAAAGACACAATGAGTATCGTACGACATGAGCCGATTGGCGTCGTAGGTGCTGTTGTTGCTTGGAACTTCCCAATGCTATTAGCTGCATGGAAGATTGCGCCAGCCATTGCTGCAGGTAATA,3,"{'/Users/mofty/Downloads/FASTQ_files/FastQ_files/ERR101899_1.fastq': 1, '/Users/mofty/Downloads/FASTQ_files/FastQ_files/ERR101899_1': {'fastq': 2}}"
eb3574efc74ea63aa22517081996c1358cbd3e8fb9b28fe1c773e9a041f9e486,CTGTAGGTATAGCTGAGGAACGATTCCAAGAAGATGCTTTACGTATGATTCGATGTTTAAGATTCCAGTCACAATTATCATTTGATATTGCAACGGAAACATTCGAAGCGATGCGTACACAAATGGCAGATATTAAATTTTTAT,1,{'/Users/mofty/Downloads/FASTQ_files/ERR103404_2.fastq': 1}
cfc031785859716cb4da719d2c80f42fe606a38fd408fc8bac8ff199886b53f6,GAGAACCTTTAACCTCTTTTAGATACATGTTAAACCAATTATCAAATGTACCTTTAGGAGTTAAGTCATAAGCATTATCACAAATGGCGTCAGATGGAGATTTATTATCAAATTCTTTAGTAGTATAGATTTCACTTAACGATA,1,{'/Users/mofty/Downloads/FASTQ_files/ERR103404_2.fastq': 1}
de95f59f515bffb6848aa55cddb2c29ae2d68356d612277b33dbc4dce406ca56,AAGATTATTGACAATGCCTATTTTGAGCAATTTTTAGATACATCTGATGAATGGATTTCTAAGATGACTGGAATTAAAGAAAGACATTGGGCAGATGACGATCAAGATACTTCAGATTTAGCATATGAAGCAAGTGTAAAAG,3,"{'/Users/mofty/Downloads/FASTQ_files/FastQ_files/ERR101900_1.fastq': 1, '/Users/mofty/Downloads/FASTQ_files/FastQ_files/ERR101900_1': {'fastq': 2}}"
eea2928f72fa35d52f617768d66494a163173640ad23d6663c8af2d29ced1c5d,TTATTGGTCATGATGCAAGAGAAGAATGGCGTAAAAATGATGGTGTCGTACCAGTGATTTCGTCATTACATCCATCCAATCAACCATTTATTAATGTTACGAATGATGAACCTGCCACACGAAGAGGTATCTGGCAAGTTAAAC,1,{'/Users/mofty/Downloads/FASTQ_files/ERR103404_2.fastq': 1}
8c3fa7a82bd59a982107318e8d6b18fd527dc8d727781cfe5c6d1d199f6cd112,CTGCACAATCGCCGTACATATTGCGCCTATTGCTAAACCAATTAAGGCAAGCTTTGAACCTTTAACATCATATTTTGAAATTAAAAATGATAAAAATAAACTTACTGCAAAGGCACCTAAGAATGAACCTATAGGTAATACAAA,9,"{'/Users/mofty/Downloads/FASTQ_files/FastQ_files/ERR101899_2.fastq': 1, '/Users/mofty/Downloads/FASTQ_files/FastQ_files/ERR101899_2': {'fastq': 5}, '/Users/mofty/Downloads/FASTQ_files/FastQ_files/ERR101900_2': {'fastq': 3}}"
5787d82d4eee3ff6bf274a4a07ec99be2e2e1ac72505ace6ed25c39dc8212778,TAACTTCAAATGATAAAAATATTTTGTTTATTCTCTTTATTTTTTCCATTTCTACTCCTTTAATTCTGTCTCTTATACACATCTCTGATGGCGCGAGGGAGGCGTGTAGATCTCGGTGGTCGCCGTATCCTTAAAAAAAAAAAA,1,{'/Users/mofty/Downloads/FASTQ_files/ERR103404_2.fastq': 1}
4c4155c55ca9969acb14ff211938c2911f82725e95a3f8d3a043ad360d5073d7,TATTATTTTGGATTGCGCTCAGACAAGCCGGATGAATTCATACCTTTACGTCACAAATAATAAAAACCCCCTAATCATGAAGTTGGTTTAGACAACCAGCGGTGACTAGGGGTTTTTAATATATTTATTTTTGATAGTGGTAGC,1,{'/Users/mofty/Downloads/FASTQ_files/FastQ_files/ERR101899_2.fastq': 1}
8e16e51db6280b553e754fe4b3d8f60c6b1215c7675ea1c900372e6667cc207c,TGATGGGATAGATTTTTATGTCTACATTATTTCTTACAGCATTTGAAATCATGCAATTATTATCTGCAATTGTTATCAATTTTGGTAATCGCTTTTCTAATTGTGCTATTTGATCACTTGGAATTTCAATGTGAGGATGGTGCA,2,"{'/Users/mofty/Downloads/FASTQ_files/FastQ_files/ERR103394_2.fastq': 1, '/Users/mofty/Downloads/FASTQ_files/FastQ_files/ERR1111_2': {'fastq': 1}}"
787f490f1b48e60c1099fc7e239477206f3471976510bda26796002bf4648be0,GTATGTAGTGCAGGTTCTCGATTATTAGTTCATGAAAAAATTTATGATCAATTGGTGCCACGTTTACAAGAGGCATTTTCAAATATTAAAGTTGGAGATCCACAAGATGAAGCTACACAAATGGGTAGTCAAACTGGTAAGGAT,5,"{'/Users/mofty/Downloads/FASTQ_files/FastQ_files/ERR101900_2.fastq': 1, '/Users/mofty/Downloads/FASTQ_files/FastQ_files/ERR103394_2': {'fastq': 2}, '/Users/mofty/Downloads/FASTQ_files/FastQ_files/ERR1111_2': {'fastq': 2}}"
8f567935e8a27f6e7cc88636334053cff1cb83222c0349266a50a6729a5f97e8,TAAAGTTAATCAAGGTGCTCAGGAAGAGGCAATGGAAGAGTTATTAGTGACTTTTCAAAAATTGATTAAAGACTAAAGGAGTTTAAGATGATACATCAAAATACGATTTACACAGCGGGAATTGAAACAGAAGAACAAGTAAGT,1,{'/Users/mofty/Downloads/FASTQ_files/FastQ_files/ERR103405_2.fastq': 1}
48c0cdbf71005ffc55ae53c594bd648e1f3c0642c0c66df7942c6a4343132aa7,AATATTCTCTTGGAACCATACTTAATATAGAAATATCAACTTCTGCCATTAAAAATAATGCCAATGAGCGTTTTGTATTTAATAATCTTTTAGCAAACCCGTATTCCACGATTAAATAAATCTCATCAGCTATACTATCAAAAA,1,{'/Users/mofty/Downloads/FASTQ_files/FastQ_files/ERR103405_2.fastq': 1}
7e9d4d1b47368b9a696147ff78e80b8de7887542003ba5c855102ac6f625610f,TATATACTAATCCATTCATAAATTAGCTTTATCCGAGTTTAAAATGTTGGTAGTTAATTATGTTTAGATTTTATTCTTCAACATCAATAGATTCAATTACAACATCATGAAGTGGTTTATCTTGTGGTCCCACTTTTGTATTTG,3,"{'/Users/mofty/Downloads/FASTQ_files/FastQ_files/ERR103405_2.fastq': 1, '/Users/mofty/Downloads/FASTQ_files/FastQ_files/ERR103394_2': {'fastq': 1}, '/Users/mofty/Downloads/FASTQ_files/FastQ_files/ERR1111_2': {'fastq': 1}}"
13059b889d550a44aa701df56c570f1211859c4ffb6ae7522e8be6bc5d9cab18,TATATGCTTTGATATCATCAACACGTTTCATCGGTAAACCAGTTAATTCCGCTTCAATATTCATATATTCATGTTCGCTGTCGTATATAATTTGACCATCATGATATGTAAGAACGAAAAATCCTCTATCTCGACAATAATCTA,3,"{'/Users/mofty/Downloads/FASTQ_files/FastQ_files/ERR101899_2.fastq': 1, '/Users/mofty/Downloads/FASTQ_files/FastQ_files/ERR103394_2': {'fastq': 1}, '/Users/mofty/Downloads/FASTQ_files/FastQ_files/ERR1111_2': {'fastq': 1}}"
ac2a979f9496fbe2db55d853595308d478feb8db21d6113efa8268657cdefbe0,CAACCTTCTGATTCTGAAAATTAAAATTGACTCAAACAACGACAATGATGATTATGCATGATGAAAACAATGCAACAGGTCCACGAAATAAACGGTAATTTCTATCTCAATAAATAGAAATTACCGTTTTTGTTTTATATGA,1,{'/Users/mofty/Downloads/FASTQ_files/FastQ_files/ERR101899_1.fastq': 1}
08a0d393bb604ef8229b14663290bc5b38ccb8ad8158b9d8caefe2f3b4841a66,TATATGGTGTATTGTCAGAAGGAATTAGAAAATCTAAATTCAATAATAAAGCTTTTAAATGTGATTGATTGCTTATTAAGTCAAACAACATGGTCATCCATAGCAACATGAATGATATGAAAATAGCAGCAATGAAATGGAA,2,"{'/Users/mofty/Downloads/FASTQ_files/FastQ_files/ERR103394_1.fastq': 1, '/Users/mofty/Downloads/FASTQ_files/FastQ_files/ERR1111_1': {'fastq': 1}}"
f40e9ef4984a44441b76a89ff8a7c54aa441da52292f2715e13b63debc4441a3,CAAATCATCTATTTTAGCTGAAAATAGTTTAACTGTTTTAGATAAAGCTAAATATGATTTAGAATTTGCCCCTGTATCTAATCATTTATACAAAGAAAGAGAAAATTTTTACGAAGGAATGAAACAAGCTACCCTGCCCTTACA,1,{'/Users/mofty/Downloads/FASTQ_files/FastQ_files/ERR101899_2.fastq': 1}
77fa7a938fe404426af45c641c27ae391abbe0979a5490c4e059fe52121542c7,GGTACAGTGAATGATATCGATAAAGACACAATGAGTATCGTACGACATGAGCCGATTGGCGTCGTAGGTGCTGTTGTTGCTTGGAACTTCCCAATGCTATTAGCTGCATGGAAGATTGCGCCAGCCATTGCTGCAGGTAATA,1,{'/Users/mofty/Downloads/FASTQ_files/FastQ_files/ERR101899_1.fastq': 1}
de95f59f515bffb6848aa55cddb2c29ae2d68356d612277b33dbc4dce406ca56,AAGATTATTGACAATGCCTATTTTGAGCAATTTTTAGATACATCTGATGAATGGATTTCTAAGATGACTGGAATTAAAGAAAGACATTGGGCAGATGACGATCAAGATACTTCAGATTTAGCATATGAAGCAAGTGTAAAAG,1,{'/Users/mofty/Downloads/FASTQ_files/FastQ_files/ERR101900_1.fastq': 1}
8c3fa7a82bd59a982107318e8d6b18fd527dc8d727781cfe5c6d1d199f6cd112,CTGCACAATCGCCGTACATATTGCGCCTATTGCTAAACCAATTAAGGCAAGCTTTGAACCTTTAACATCATATTTTGAAATTAAAAATGATAAAAATAAACTTACTGCAAAGGCACCTAAGAATGAACCTATAGGTAATACAAA,3,"{'/Users/mofty/Downloads/FASTQ_files/FastQ_files/ERR101899_2.fastq': 1, '/Users/mofty/Downloads/FASTQ_files/FastQ_files/ERR101899_2': {'fastq': 1}, '/Users/mofty/Downloads/FASTQ_files/FastQ_files/ERR101900_2': {'fastq': 1}}"
